{"assets/accommodation1_1.jpg":["assets/accommodation1_1.jpg"],"assets/accommodation1_2.jpg":["assets/accommodation1_2.jpg"],"assets/accommodation2.jpg":["assets/accommodation2.jpg"],"assets/accommodation3.jpg":["assets/accommodation3.jpg"],"assets/accommodations.json":["assets/accommodations.json"],"assets/default.jpg":["assets/default.jpg"],"assets/event1.jpg":["assets/event1.jpg"],"assets/event2_1.jpg":["assets/event2_1.jpg"],"assets/event2_2.jpg":["assets/event2_2.jpg"],"assets/event2_3.jpg":["assets/event2_3.jpg"],"assets/event3.jpg":["assets/event3.jpg"],"assets/events.json":["assets/events.json"],"assets/place1_1.jpg":["assets/place1_1.jpg"],"assets/place1_2.jpg":["assets/place1_2.jpg"],"assets/place2.jpg":["assets/place2.jpg"],"assets/place3.jpg":["assets/place3.jpg"],"assets/place4.jpg":["assets/place4.jpg"],"assets/place5.jpg":["assets/place5.jpg"],"assets/places.json":["assets/places.json"],"assets/tours.json":["assets/tours.json"],"packages/cupertino_icons/assets/CupertinoIcons.ttf":["packages/cupertino_icons/assets/CupertinoIcons.ttf"],"packages/flutter_google_places/assets/google_black.png":["packages/flutter_google_places/assets/google_black.png"],"packages/flutter_google_places/assets/google_white.png":["packages/flutter_google_places/assets/google_white.png"],"packages/flutter_inappwebview/assets/t_rex_runner/t-rex.css":["packages/flutter_inappwebview/assets/t_rex_runner/t-rex.css"],"packages/flutter_inappwebview/assets/t_rex_runner/t-rex.html":["packages/flutter_inappwebview/assets/t_rex_runner/t-rex.html"],"packages/youtube_player_flutter/assets/speedometer.webp":["packages/youtube_player_flutter/assets/speedometer.webp"]}